listing_id,title,bhk,price,price_text,area_sqft,area_text,price_per_sqft,property_type,locality,address,url
81271395,"3 BHK Flat for Sale in DLF One Midtown, Moti Nagar, Kirti Nagar, New Delhi",3,60000000.0,₹ 6 Cr,2282.0,2282 sqft,26292.725679228748,,DLF One Midtown,,
81034485,"5 BHK Flat for Sale in Unity The Amaryllis Phase 2, Karol Bagh, New Delhi",5,143100000.0,₹ 14.31 Cr,5236.0,5236 sqft,27330.02291825821,,Unity The Amaryllis Phase 2,,
81300937,"4 BHK Flat for Sale in Unity The Amaryllis Phase 2, Karol Bagh, New Delhi",4,105500000.0,₹ 10.55 Cr,3740.0,3740 sqft,28208.55614973262,,Unity The Amaryllis Phase 2,,
69741839,"4 BHK Flat for Sale in Indus Luxury Builder Floor, Greater Kailash 2, New Delhi",4,80000000.0,₹ 8 Cr,2700.0,2700 sqft,29629.62962962963,,Indus Luxury Builder Floor,,
69922285,"3 BHK Flat for Sale in Metro Premium Builder Floor, Greater Kailash 1, New Delhi",3,62500000.0,₹ 6.25 Cr,1872.0,1872 sqft,33386.75213675214,,Metro Premium Builder Floor,,
79113455,"2 BHK Flat for Sale in Saket, New Delhi",2,6500000.0,₹ 65 Lac,850.0,850 sqft,7647.058823529412,,,,
78566849,"3 BHK Flat for Sale in DLF Capital Greens 1 and 2, Moti Nagar, Kirti Nagar, New Delhi",3,29000000.0,₹ 2.90 Cr,1300.0,1300 sqft,22307.69230769231,,DLF Capital Greens 1 and 2,,
74335965,"3 BHK Flat for Sale in DDA Flats Munirka, Munirka, New Delhi",3,21000000.0,₹ 2.10 Cr,1450.0,1450 sqft,14482.758620689656,,DDA Flats Munirka,,
72514339,"3 BHK Flat for Sale in New Rajendra Nagar, New Delhi",3,27000000.0,₹ 2.70 Cr,1300.0,1300 sqft,20769.23076923077,,,,
81359695,"3 BHK Flat for Sale in Bahawalpur Biradari Apartment, Sector 6 Dwarka, New Delhi",3,24500000.0,₹ 2.45 Cr,1725.0,1725 sqft,14202.898550724638,,Bahawalpur Biradari Apartment,,
81067933,"4 BHK Flat for Sale in DLF Capital Greens 1 and 2, Moti Nagar, Kirti Nagar, New Delhi",4,79000000.0,₹ 7.90 Cr,2200.0,2200 sqft,35909.09090909091,,DLF Capital Greens 1 and 2,,
80266327,"4 BHK Flat for Sale in Vasant Apartment, Vasant Vihar, New Delhi",4,130000000.0,₹ 13 Cr,2200.0,2200 sqft,59090.90909090909,,Vasant Apartment,,
72604737,"3 BHK Flat for Sale in Sector 24 Rohini, New Delhi",3,12000000.0,₹ 1.20 Cr,1000.0,1000 sqft,12000.0,,,,
81291331,"3 BHK Flat for Sale in Sector 12 Dwarka, New Delhi",3,32500000.0,₹ 3.25 Cr,1500.0,1500 sqft,21666.666666666668,,,,
78632513,"3 BHK Flat for Sale in Parijat Apartment, Sector 4 Dwarka, New Delhi",3,25200000.0,₹ 2.52 Cr,1300.0,1300 sqft,19384.615384615383,,Parijat Apartment,,
75214569,"4 BHK Flat for Sale in Vishrantika Apartments, Dwarka, New Delhi",4,35000000.0,₹ 3.50 Cr,2200.0,2200 sqft,15909.09090909091,,Vishrantika Apartments,,
81415971,"3 BHK Flat for Sale in Prime Luxury Builder Floor, Greater Kailash 1, New Delhi",3,43000000.0,₹ 4.30 Cr,1600.0,1600 sqft,26875.0,,Prime Luxury Builder Floor,,
71889251,"3 BHK Flat for Sale in New Jyoti Apartments, Dwarka, New Delhi",3,26500000.0,₹ 2.65 Cr,1300.0,1300 sqft,20384.615384615383,,New Jyoti Apartments,,
80891371,"3 BHK Flat for Sale in Uttam Nagar, New Delhi",3,8500000.0,₹ 85 Lac,1000.0,1000 sqft,8500.0,,,,
81109489,"3 BHK Flat for Sale in DDA Flats Vasant Kunj, Vasant Kunj, New Delhi",3,42500000.0,₹ 4.25 Cr,1750.0,1750 sqft,24285.714285714286,,DDA Flats Vasant Kunj,,
57885411,"4 BHK Flat for Sale in Sunny Valley Apartments, Dwarka, New Delhi",4,45000000.0,₹ 4.50 Cr,2450.0,2450 sqft,18367.34693877551,,Sunny Valley Apartments,,
78921859,"3 BHK Flat for Sale in Greater Kailash Builder Floors, Greater Kailash, New Delhi",3,64500000.0,₹ 6.45 Cr,2250.0,250 sqyrd,28666.666666666668,,Greater Kailash Builder Floors,,
78533653,"4 BHK Flat for Sale in Janakpuri, New Delhi",4,65000000.0,₹ 6.50 Cr,2200.0,2200 sqft,29545.454545454544,,,,
79729829,"3 BHK Flat for Sale in Risland Sky Mansion, Chattarpur, New Delhi",3,62900000.0,₹ 6.29 Cr,3300.0,3300 sqft,19060.60606060606,,,,
79119459,"3 BHK Flat for Sale in Malviya Nagar, New Delhi",3,32500000.0,₹ 3.25 Cr,1700.0,1700 sqft,19117.647058823528,,,,
81263051,"3 BHK Flat for Sale in Saraswati Narmada Ganga Yamuna Apartment, Vasant Kunj, New Delhi",3,43000000.0,₹ 4.30 Cr,1680.0,1680 sqft,25595.238095238095,,Saraswati Narmada Ganga Yamuna Apartment,,
80184369,"4 BHK Flat for Sale in Chattarpur, New Delhi",4,18500000.0,₹ 1.85 Cr,2000.0,2000 sqft,9250.0,,,,
58583645,"4 BHK Flat for Sale in Greater Kailash 1, New Delhi",4,77500000.0,₹ 7.75 Cr,2520.0,280 sqyrd,30753.968253968254,,,,
60415017,"3 BHK Flat for Sale in Defence Colony, New Delhi",3,77000000.0,₹ 7.70 Cr,2925.0,2925 sqft,26324.786324786324,,,,
59487691,"3 BHK Flat for Sale in Moti Nagar, Kirti Nagar, New Delhi",3,33000000.0,₹ 3.30 Cr,1500.0,1500 sqft,22000.0,,,,
81113751,"4 BHK Apartment for Sale in The Excellence Apartment, Dwarka New Delhi",4,37500000.0,₹ 3.75 Cr,2100.0,2100 sqft,17857.14285714286,,The Excellence Apartment,,
77738397,4 BHK Builder Floor for Sale in Janakpuri New Delhi,4,46000000.0,₹ 4.60 Cr,1900.0,1900 sqft,24210.526315789473,,,,
79111319,4 BHK Builder Floor for Sale in Defence Colony New Delhi,4,150000000.0,₹ 15 Cr,2925.0,325 sqyrd,51282.05128205128,,,,
70405847,"4 BHK Builder Floor for Sale in Omdev Homes, Greater Kailash 1 New Delhi",4,150000000.0,₹ 15 Cr,6000.0,6000 sqft,25000.0,,Omdev Homes,,
80276013,4 BHK Builder Floor for Sale in Sector 24 Rohini New Delhi,4,25000000.0,₹ 2.50 Cr,1250.0,1250 sqft,20000.0,,,,
80421793,3 BHK Apartment for Sale in Pitam Pura New Delhi,3,42500000.0,₹ 4.25 Cr,1300.0,1300 sqft,32692.30769230769,,,,
80969663,3 BHK Builder Floor for Sale in Sector 24 Rohini New Delhi,3,11500000.0,₹ 1.15 Cr,1000.0,1000 sqft,11500.0,,,,
79154927,"2 BHK Apartment for Sale in Vinayak Apartments, Sector 10 Dwarka New Delhi",2,21500000.0,₹ 2.15 Cr,1250.0,1250 sqft,17200.0,,Vinayak Apartments,,
80574713,"2 BHK Apartment for Sale in Konark Apartments, Patparganj New Delhi",2,16500000.0,₹ 1.65 Cr,1050.0,1050 sqft,15714.285714285714,,Konark Apartments,,
62401383,3 BHK Builder Floor for Sale in Chattarpur New Delhi,3,6000000.0,₹ 60 Lac,900.0,900 sqft,6666.666666666667,,,,
75498519,4 BHK Builder Floor for Sale in New Friends Colony New Delhi,4,70000000.0,₹ 7 Cr,3500.0,3500 sqft,20000.0,,,,
76082995,"3 BHK Builder Floor for Sale in RWA Panchsheel Enclave, Panchsheel Enclave New Delhi",3,62000000.0,₹ 6.20 Cr,2385.0,2385 sqft,25995.8071278826,,RWA Panchsheel Enclave,,
79175985,"3 BHK Apartment for Sale in CGHS Chitrakoot Apartments, Sector 22 Dwarka New Delhi",3,25000000.0,₹ 2.50 Cr,1600.0,1600 sqft,15625.0,,CGHS Chitrakoot Apartments,,
79340423,3 BHK Builder Floor for Sale in Sector 24 Rohini New Delhi,3,7500000.0,₹ 75 Lac,800.0,800 sqft,9375.0,,,,
75295147,4 BHK Builder Floor for Sale in Sector 24 Rohini New Delhi,4,25000000.0,₹ 2.50 Cr,1350.0,1350 sqft,18518.51851851852,,,,
75428351,3 BHK Apartment for Sale in Sector 23 Dwarka New Delhi,3,9600000.0,₹ 96 Lac,1200.0,1200 sqft,8000.0,,,,
80665573,2 BHK Builder Floor for Sale in Chattarpur New Delhi,2,5500000.0,₹ 55 Lac,720.0,720 sqft,7638.888888888889,,,,
78699377,"2 BHK Apartment for Sale in DDA Ganga Triveni Apartment, Sector 9 Rohini New Delhi",2,11500000.0,₹ 1.15 Cr,950.0,950 sqft,12105.263157894737,,DDA Ganga Triveni Apartment,,
79067665,3 BHK Apartment for Sale in Vasant Kunj New Delhi,3,35700000.0,₹ 3.57 Cr,1700.0,1700 sqft,21000.0,,,,
72472779,2 BHK Builder Floor for Sale in Saket New Delhi,2,6000000.0,₹ 60 Lac,900.0,900 sqft,6666.666666666667,,,,
78679733,3 BHK Apartment for Sale in Sector 12 Dwarka New Delhi,3,22500000.0,₹ 2.25 Cr,1600.0,1600 sqft,14062.5,,,,
72309455,"3 BHK Apartment for Sale in DDA Flats Sarita Vihar, Sarita Vihar, Mathura Road New Delhi",3,25400000.0,₹ 2.54 Cr,1700.0,1700 sqft,14941.176470588236,,DDA Flats Sarita Vihar,,
78052871,"3 BHK Apartment for Sale in Brotherhood Apartment, Vikaspuri New Delhi",3,14000000.0,₹ 1.40 Cr,1250.0,1250 sqft,11200.0,,Brotherhood Apartment,,
78719131,3 BHK Builder Floor for Sale in Mahavir Enclave Part 1 New Delhi,3,9500000.0,₹ 95 Lac,950.0,950 sqft,10000.0,,,,
80672693,"3 BHK Apartment for Sale in Varun Apartment, Sector 9 Rohini New Delhi",3,28000000.0,₹ 2.80 Cr,1350.0,1350 sqft,20740.74074074074,,Varun Apartment,,
81103023,"2 BHK Apartment for Sale in DDA Rainbow Apartments, Dwarka New Delhi",2,14500000.0,₹ 1.45 Cr,1050.0,1050 sqft,13809.52380952381,,DDA Rainbow Apartments,,
79843125,6 BHK Villa for Sale in Vasant Kunj New Delhi,6,250000000.0,₹ 25 Cr,9000.0,1000 sqyrd,27777.777777777777,,,,
80896849,"3 BHK Apartment for Sale in CGHS Chitrakoot Apartments, Sector 22 Dwarka New Delhi",3,28000000.0,₹ 2.80 Cr,1600.0,1600 sqft,17500.0,,CGHS Chitrakoot Apartments,,
78638113,3 BHK Builder Floor for Sale in Hauz Khas New Delhi,3,75000000.0,₹ 7.50 Cr,2100.0,2100 sqft,35714.28571428572,,,,
78043955,"4 BHK Apartment for Sale in Naveen Apartment, Sector 5 Dwarka New Delhi",4,32500000.0,₹ 3.25 Cr,2200.0,2200 sqft,14772.727272727272,,Naveen Apartment,,
77491463,3 BHK Builder Floor for Sale in Punjabi Bagh New Delhi,3,34000000.0,₹ 3.40 Cr,1900.0,1900 sqft,17894.736842105263,,,,
78957895,"3 BHK Apartment for Sale in Young Aheria CGHS, Dwarka New Delhi",3,25500000.0,₹ 2.55 Cr,1400.0,1400 sqft,18214.285714285714,,Young Aheria CGHS,,
79133739,"3 BHK Apartment for Sale in Vishwas Nagar Apartments, Sector 23 Dwarka New Delhi",3,31000000.0,₹ 3.10 Cr,1800.0,1800 sqft,17222.222222222223,,Vishwas Nagar Apartments,,
80212727,"4 BHK Apartment for Sale in Belur Apartments, Sector 18 Dwarka New Delhi",4,41000000.0,₹ 4.10 Cr,1800.0,1800 sqft,22777.777777777777,,Belur Apartments,,
79144499,"3 BHK Apartment for Sale in DGS Apartment, Sector 22 Dwarka New Delhi",3,26500000.0,₹ 2.65 Cr,1500.0,1500 sqft,17666.666666666668,,DGS Apartment,,
81443787,3 BHK Builder Floor for Sale in Sector 8 Dwarka New Delhi,3,19000000.0,₹ 1.90 Cr,1000.0,1000 sqft,19000.0,,,,
67672859,"3 BHK Apartment for Sale in Din Apartment, Sector 4 Dwarka New Delhi",3,30500000.0,₹ 3.05 Cr,1650.0,1650 sqft,18484.848484848484,,Din Apartment,,
79113485,2 BHK Builder Floor for Sale in Lajpat Nagar 1 New Delhi,2,16500000.0,₹ 1.65 Cr,1000.0,1000 sqft,16500.0,,,,
74136471,"4 BHK Apartment for Sale in Raman Vihar Apartment, Sector 11 Dwarka New Delhi",4,31000000.0,₹ 3.10 Cr,2100.0,2100 sqft,14761.904761904761,,Raman Vihar Apartment,,
79091165,3 BHK Builder Floor for Sale in Lajpat Nagar 3 New Delhi,3,40000000.0,₹ 4 Cr,1800.0,1800 sqft,22222.222222222223,,,,
81436307,3 BHK Builder Floor for Sale in Poorvi Pitampura New Delhi,3,21500000.0,₹ 2.15 Cr,1125.0,125 sqyrd,19111.11111111111,,,,
79719043,5 BHK House for Sale in South Extension 1 New Delhi,5,92100000.00000001,₹ 9.21 Cr,1600.0,1600 sqft,57562.50000000001,,,,
72665579,3 BHK Apartment for Sale in Sector 18 Dwarka New Delhi,3,23500000.0,₹ 2.35 Cr,1530.0,1530 sqft,15359.477124183006,,,,
80188055,4 BHK Builder Floor for Sale in Rajouri Garden New Delhi,4,58000000.0,₹ 5.80 Cr,2650.0,2650 sqft,21886.79245283019,,,,
81233385,"4 BHK Apartment for Sale in Naveen Apartment, Sector 5 Dwarka New Delhi",4,31200000.0,₹ 3.12 Cr,1890.0,1890 sqft,16507.93650793651,,Naveen Apartment,,
79369707,"3 BHK Apartment for Sale in Mandakini Apartment, Sector 2 Dwarka New Delhi",3,24400000.0,₹ 2.44 Cr,1600.0,1600 sqft,15250.0,,Mandakini Apartment,,
81447493,3 BHK Apartment for Sale in Sector 11 Dwarka New Delhi,3,26800000.0,₹ 2.68 Cr,1650.0,1650 sqft,16242.424242424242,,,,
80514333,"3 BHK Apartment for Sale in Rashi Apartments, Sector 7 Dwarka New Delhi",3,26000000.0,₹ 2.60 Cr,1600.0,1600 sqft,16250.0,,Rashi Apartments,,
79010595,"4 BHK Apartment for Sale in Mayank Apartments, Dwarka New Delhi",4,36000000.0,₹ 3.60 Cr,2100.0,2100 sqft,17142.85714285714,,Mayank Apartments,,
79105119,"3 BHK Apartment for Sale in Harmony Apartment, Sector 23 Dwarka New Delhi",3,24000000.0,₹ 2.40 Cr,1300.0,1300 sqft,18461.53846153846,,Harmony Apartment,,
81459219,"4 BHK Apartment for Sale in DDA Flats Sector D Pocket 6, Sector D Vasant Kunj New Delhi",4,41500000.0,₹ 4.15 Cr,1350.0,1350 sqft,30740.74074074074,,DDA Flats Sector D Pocket 6,,
11904931,4 BHK House for Sale in Vasant Vihar New Delhi,4,320000000.0,₹ 32 Cr,4500.0,4500 sqft,71111.11111111111,,,,
81391685,5 BHK Builder Floor for Sale in Block B1 Janakpuri New Delhi,5,77500000.0,₹ 7.75 Cr,2925.0,2925 sqft,26495.726495726496,,,,
79890027,5 BHK House for Sale in Vasant Vihar New Delhi,5,780000000.0,₹ 78 Cr,7200.0,800 sqyrd,108333.33333333333,,,,
81004367,3 BHK Apartment for Sale in Vasant Kunj New Delhi,3,14000000.0,₹ 1.40 Cr,1200.0,1200 sqft,11666.666666666666,,,,
71626269,"3 BHK Apartment for Sale in Orchid The Consulate Apartment, Sector 24 Dwarka New Delhi",3,28500000.0,₹ 2.85 Cr,1700.0,1700 sqft,16764.70588235294,,Orchid The Consulate Apartment,,
80949347,"3 BHK Builder Floor for Sale in Mahavir Enclave, Block A Mahavir Enclave Part 1 New Delhi",3,8000000.0,₹ 80 Lac,850.0,850 sqft,9411.764705882353,,Mahavir Enclave,,
74897747,"3 BHK Apartment for Sale in Umang Winter Hills, Dwarka Mor New Delhi",3,19500000.0,₹ 1.95 Cr,975.0,975 sqft,20000.0,,Umang Winter Hills,,
80664827,"2 BHK Apartment for Sale in Janaki Apartment, Sector 22 Dwarka New Delhi",2,21000000.0,₹ 2.10 Cr,900.0,900 sqft,23333.333333333332,,Janaki Apartment,,
78739873,3 BHK Builder Floor for Sale in New Rajendra Nagar New Delhi,3,63000000.0,₹ 6.30 Cr,1800.0,1800 sqft,35000.0,,,,
79752453,4 BHK Builder Floor for Sale in Anand Vihar New Delhi,4,39000000.0,₹ 3.90 Cr,2430.0,270 sqyrd,16049.382716049382,,,,
81372891,6 BHK House for Sale in Greater Kailash 1 New Delhi,6,460000000.0,₹ 46 Cr,3600.0,3600 sqft,127777.77777777778,,,,
81383277,"3 BHK Apartment for Sale in Godrej South Estate, Okhla New Delhi",3,71300000.0,₹ 7.13 Cr,2751.0,2751 sqft,25917.848055252634,,Godrej South Estate,,
78460755,4 BHK Apartment for Sale in Chhatarpur Extension New Delhi,4,17000000.0,₹ 1.70 Cr,1700.0,1700 sqft,10000.0,,,,
78682405,"3 BHK Apartment for Sale in New Arohi Apartments, Sector 12 Dwarka New Delhi",3,32500000.0,₹ 3.25 Cr,1650.0,1650 sqft,19696.969696969696,,New Arohi Apartments,,
71907887,3 BHK Builder Floor for Sale in Sultanpur New Delhi,3,7800000.0,₹ 78 Lac,1200.0,1200 sqft,6500.0,,,,
80510815,"4 BHK Apartment for Sale in Unity the Amaryllis, Karol Bagh New Delhi",4,106000000.0,₹ 10.60 Cr,3740.0,3740 sqft,28342.245989304814,,Unity the Amaryllis,,
75998473,1 BHK Builder Floor for Sale in Uttam Nagar New Delhi,1,1500000.0,₹ 15 Lac,420.0,420 sqft,3571.4285714285716,,,,
81295743,3 BHK Builder Floor for Sale in Safdarjung Enclave New Delhi,3,55000000.0,₹ 5.50 Cr,1600.0,1600 sqft,34375.0,,,,
79500755,4 BHK Builder Floor for Sale in Greater Kailash 2 New Delhi,4,67500000.0,₹ 6.75 Cr,1700.0,1700 sqft,39705.882352941175,,,,
79742279,"3 BHK Apartment for Sale in Forte Point Airliners CGHS, Sector 10 Dwarka New Delhi",3,30000000.0,₹ 3 Cr,1650.0,1650 sqft,18181.81818181818,,Forte Point Airliners CGHS,,
79656455,4 BHK Builder Floor for Sale in Dwarka Mor New Delhi,4,10500000.0,₹ 1.05 Cr,1125.0,1125 sqft,9333.333333333334,,,,
80207827,4 BHK Builder Floor for Sale in Greater Kailash 2 New Delhi,4,279900000.0,₹ 27.99 Cr,3800.0,3800 sqft,73657.8947368421,,,,
76999105,"4 BHK Builder Floor for Sale in Jagriti Enclave, Anand Vihar New Delhi",4,66000000.0,₹ 6.60 Cr,2400.0,2400 sqft,27500.0,,,,
80610343,3 BHK Builder Floor for Sale in Govindpuri New Delhi,3,7000000.0,₹ 70 Lac,900.0,900 sqft,7777.777777777777,,,,
78607003,3 BHK Builder Floor for Sale in Sat Bari New Delhi,3,10000000.0,₹ 1 Cr,1260.0,140 sqyrd,7936.507936507936,,,,
80169853,"4 BHK Builder Floor for Sale in Kailash Colony, Greater Kailash New Delhi",4,75000000.0,₹ 7.50 Cr,2700.0,300 sqyrd,27777.777777777777,,,,
76509131,"3 BHK Apartment for Sale in DLF One Midtown, New Moti Nagar, Kirti Nagar New Delhi",3,56300000.0,₹ 5.63 Cr,1600.0,1600 sqft,35187.5,,DLF One Midtown,,
74517767,4 BHK Builder Floor for Sale in Anand Niketan New Delhi,4,130000000.0,₹ 13 Cr,3600.0,400 sqyrd,36111.11111111111,,,,
79110205,"3 BHK Apartment for Sale in TARC Tripundra, Bijwasan New Delhi",3,39800000.0,₹ 3.98 Cr,1600.0,1600 sqft,24875.0,,TARC Tripundra,,
80343763,4 BHK Builder Floor for Sale in Sarvodaya Enclave New Delhi,4,190000000.0,₹ 19 Cr,4500.0,4500 sqft,42222.22222222222,,,,
80379047,"4 BHK Apartment for Sale in Garur Golf Island, Sector 19B Dwarka New Delhi",4,74000000.0,₹ 7.40 Cr,3120.0,3120 sqft,23717.94871794872,,Garur Golf Island,,
78781179,2 BHK Apartment for Sale in Uttam Nagar New Delhi,2,2700000.0,₹ 27 Lac,450.0,450 sqft,6000.0,,,,
79153925,"6 BHK House for Sale in Tagore Garden, Rajouri Garden, Najafgarh Road New Delhi",6,110000000.0,₹ 11 Cr,1340.0,1340 sqft,82089.55223880598,,,,
78481921,"3 BHK Apartment for Sale in Godrej South Estate, Okhla New Delhi",3,55000000.0,₹ 5.50 Cr,1570.0,1570 sqft,35031.84713375796,,Godrej South Estate,,
81020077,"3 BHK Builder Floor for Sale in Greater Kailash Builder Floors, Block E Greater Kailash 2 New Delhi",3,90000000.0,₹ 9 Cr,1850.0,1850 sqft,48648.64864864865,,Greater Kailash Builder Floors,,
78376669,4 BHK Builder Floor for Sale in Greater Kailash 1 New Delhi,4,75000000.0,₹ 7.50 Cr,2475.0,275 sqyrd,30303.030303030304,,,,
71531559,"3 BHK Apartment for Sale in Ganpati Apartments, Dwarka Sector 9 New Delhi",3,32000000.0,₹ 3.20 Cr,1650.0,1650 sqft,19393.939393939392,,Ganpati Apartments,,
81232557,"4 BHK Builder Floor for Sale in Panchsheel Extension, Malviya Nagar New Delhi",4,100000000.0,₹ 10 Cr,2200.0,2200 sqft,45454.545454545456,,,,
79691225,4 BHK Builder Floor for Sale in Mahavir Enclave Part 1 New Delhi,4,15000000.0,₹ 1.50 Cr,1700.0,1700 sqft,8823.529411764706,,,,
64426613,"3 BHK Apartment for Sale in Satyam Apartment, Sector 18A Dwarka New Delhi",3,29800000.0,₹ 2.98 Cr,1650.0,1650 sqft,18060.60606060606,,Satyam Apartment,,
72209617,"4 BHK Apartment for Sale in Sawasdee Heights, Rampura Industrial Area New Delhi",4,47100000.0,₹ 4.71 Cr,3054.0,3054 sqft,15422.396856581532,,Sawasdee Heights,,
77953805,"3 BHK Apartment for Sale in Kunj Vihar Apartment, Sector 12 Dwarka New Delhi",3,32500000.0,₹ 3.25 Cr,1700.0,1700 sqft,19117.647058823528,,Kunj Vihar Apartment,,
65509975,"3 BHK Apartment for Sale in Kunj Vihar Apartment, Sector 12 Dwarka New Delhi",3,32500000.0,₹ 3.25 Cr,1650.0,1650 sqft,19696.969696969696,,Kunj Vihar Apartment,,
81445741,"4 BHK Apartment for Sale in Ispatika Apartment, Sector 4 Dwarka New Delhi",4,34500000.0,₹ 3.45 Cr,2000.0,2000 sqft,17250.0,,Ispatika Apartment,,
80386815,"3 BHK Apartment for Sale in DDA Flats Pocket 1, Pocket 1 Sector B Vasant Kunj New Delhi",3,35000000.0,₹ 3.50 Cr,919.0,919 sqft,38084.874863982586,,DDA Flats Pocket 1,,
79058067,4 BHK Builder Floor for Sale in Sector 18 Rohini New Delhi,4,62500000.0,₹ 6.25 Cr,3800.0,3800 sqft,16447.36842105263,,,,
68620437,"3 BHK Apartment for Sale in Maitri Apartments, Sector 10 Dwarka New Delhi",3,35000000.0,₹ 3.50 Cr,1600.0,1600 sqft,21875.0,,Maitri Apartments,,
78590861,"3 BHK Apartment for Sale in Celestial Heights, Sector 2 Dwarka New Delhi",3,27500000.0,₹ 2.75 Cr,1600.0,1600 sqft,17187.5,,Celestial Heights,,
81174729,"3 BHK Apartment for Sale in Godrej South Estate, Block A Okhla New Delhi",3,68400000.0,₹ 6.84 Cr,2351.0,2351 sqft,29094.00255210549,,Godrej South Estate,,
78654131,1 BHK Apartment for Sale in Mansa Ram Park New Delhi,1,1100000.0,₹ 11 Lac,350.0,350 sqft,3142.8571428571427,,,,
62487709,3 BHK Builder Floor for Sale in Janakpuri New Delhi,3,33000000.0,₹ 3.30 Cr,1250.0,1250 sqft,26400.0,,,,
81103509,"3 BHK Apartment for Sale in Karuna Vihar Apartment, Sector 18 Dwarka New Delhi",3,31000000.0,₹ 3.10 Cr,1600.0,1600 sqft,19375.0,,Karuna Vihar Apartment,,
79171649,2 BHK Builder Floor for Sale in Mansarovar Park New Delhi,2,5000000.0,₹ 50 Lac,620.0,620 sqft,8064.5161290322585,,,,
52697381,2 BHK Apartment for Sale in Mundka New Delhi,2,3500000.0,₹ 35 Lac,750.0,750 sqft,4666.666666666667,,,,
78845049,"2 BHK Apartment for Sale in DDA LIG Flat Sector 16 Site II, Dwarka New Delhi",2,8500000.0,₹ 85 Lac,900.0,900 sqft,9444.444444444445,,DDA LIG Flat Sector 16 Site II,,
80882269,"3 BHK Apartment for Sale in Tulip Apartment, Deoli, Sangam Vihar New Delhi",3,12000000.0,₹ 1.20 Cr,999.0,999 sqft,12012.012012012012,,Tulip Apartment,,
70022137,5 BHK House for Sale in Vasant Vihar New Delhi,5,1000000000.0,₹ 100 Cr,9000.0,1000 sqyrd,111111.11111111111,,,,
81433579,"3 BHK Apartment for Sale in Sapna Ghar Apartments, Sector 11 Dwarka New Delhi",3,26800000.0,₹ 2.68 Cr,1650.0,1650 sqft,16242.424242424242,,Sapna Ghar Apartments,,
80194761,1 BHK Apartment for Sale in Block B Om Vihar New Delhi,1,1920000.0,₹ 19.2 Lac,410.0,410 sqft,4682.926829268293,,,,
80064821,3 BHK Builder Floor for Sale in Mohan Park West Rohtash Nagar New Delhi,3,11500000.0,₹ 1.15 Cr,1220.0,1220 sqft,9426.22950819672,,,,
72317465,"4 BHK Builder Floor for Sale in Aarone Botanica, Neeti Bagh New Delhi",4,320000000.0,₹ 32 Cr,7200.0,7200 sqft,44444.444444444445,,Aarone Botanica,,
81345037,"3 BHK Apartment for Sale in Satyam Apartment, Sector 18A Dwarka New Delhi",3,29500000.0,₹ 2.95 Cr,1750.0,1750 sqft,16857.14285714286,,Satyam Apartment,,
81221969,1 BHK Builder Floor for Sale in Subhash Park Extension 2 New Delhi,1,2030000.0,₹ 20.3 Lac,324.0,324 sqft,6265.432098765432,,,,
72783735,2 BHK Builder Floor for Sale in Uttam Nagar New Delhi,2,7500000.0,₹ 75 Lac,580.0,580 sqft,12931.034482758621,,,,
78667969,4 BHK Builder Floor for Sale in Block C Krishna Nagar New Delhi,4,26000000.0,₹ 2.60 Cr,1800.0,1800 sqft,14444.444444444445,,,,
80555597,"3 BHK House for Sale in Bengali Market, Mandi House New Delhi",3,67500000.0,₹ 6.75 Cr,1800.0,1800 sqft,37500.0,,,,
78950363,3 BHK Builder Floor for Sale in Sector 8 Dwarka New Delhi,3,27500000.0,₹ 2.75 Cr,1800.0,1800 sqft,15277.777777777777,,,,
76571099,"3 BHK Apartment for Sale in DLF One Midtown, New Moti Nagar, Kirti Nagar New Delhi",3,63000000.0,₹ 6.30 Cr,2300.0,2300 sqft,27391.304347826088,,DLF One Midtown,,
77015153,3 BHK Apartment for Sale in ALAKNANDA mandakini apartments New Delhi,3,27500000.0,₹ 2.75 Cr,1450.0,1450 sqft,18965.51724137931,,,,
80592201,3 BHK Builder Floor for Sale in Sector 22 Rohini New Delhi,3,8800000.0,₹ 88 Lac,750.0,750 sqft,11733.333333333334,,,,
73436101,3 BHK Builder Floor for Sale in Defence Colony New Delhi,3,70000000.0,₹ 7 Cr,1710.0,190 sqyrd,40935.67251461988,,,,
77127645,"3 BHK Builder Floor for Sale in AGCR Enclave, Karkardooma, Anand Vihar New Delhi",3,37500000.0,₹ 3.75 Cr,1800.0,200 sqyrd,20833.333333333332,,AGCR Enclave,,
78824327,4 BHK Builder Floor for Sale in Anand Lok New Delhi,4,160000000.0,₹ 16 Cr,3600.0,400 sqyrd,44444.444444444445,,,,
81248075,"4 BHK Builder Floor for Sale in Bharthal, Dwarka New Delhi",4,15000000.0,₹ 1.50 Cr,1215.0,1215 sqft,12345.67901234568,,,,
81102573,3 BHK Apartment for Sale in D2 DDA Flat Vasant Kunj New Delhi,3,46000000.0,₹ 4.60 Cr,1130.0,1130 sqft,40707.96460176991,,,,
81273749,4 BHK Builder Floor for Sale in Block M Saket New Delhi,4,67500000.0,₹ 6.75 Cr,2200.0,2200 sqft,30681.81818181818,,,,
81075041,3 BHK Builder Floor for Sale in Khirki Extension New Delhi,3,20000000.0,₹ 2 Cr,1150.0,1150 sqft,17391.304347826088,,,,
81365497,4 BHK Builder Floor for Sale in Mahavir Enclave Part 2 Mahavir Enclave New Delhi,4,6800000.0,₹ 68 Lac,955.0,955 sqft,7120.418848167539,,,,
81281453,"3 BHK Apartment for Sale in DLF One Midtown, Moti Nagar, Kirti Nagar New Delhi",3,62000000.0,₹ 6.20 Cr,1950.0,1950 sqft,31794.871794871793,,DLF One Midtown,,
81392615,2 BHK Apartment for Sale in Panchsheel Park New Delhi,2,52500000.0,₹ 5.25 Cr,1225.0,1225 sqft,42857.142857142855,,,,
80843389,3 BHK Builder Floor for Sale in Kalkaji New Delhi,3,41000000.0,₹ 4.10 Cr,2300.0,2300 sqft,17826.08695652174,,,,
74088553,"3 BHK Apartment for Sale in Suryodaya Apartment DDA Flats Pocket 8, Pocket 7 Sector 12 Dwarka New Delhi",3,23000000.0,₹ 2.30 Cr,1200.0,1200 sqft,19166.666666666668,,Suryodaya Apartment DDA Flats Pocket 8,,
80766947,"3 BHK Apartment for Sale in Kiran Garden, Uttam Nagar New Delhi",3,7000000.0,₹ 70 Lac,980.0,980 sqft,7142.857142857143,,,,
81375861,3 BHK Apartment for Sale in Phase 3 Mayur Vihar New Delhi,3,9800000.0,₹ 98 Lac,1300.0,1300 sqft,7538.461538461538,,,,
81340563,"2 BHK Apartment for Sale in DDA LIG Apartment, Pitam Pura New Delhi",2,7000000.0,₹ 70 Lac,400.0,400 sqft,17500.0,,DDA LIG Apartment,,
78974637,3 BHK Apartment for Sale in Nirman Vihar Preet Vihar New Delhi,3,30000000.0,₹ 3 Cr,1395.0,155 sqyrd,21505.37634408602,,,,
80728341,"3 BHK Apartment for Sale in DLF One Midtown, Shivaji Marg New Delhi",3,39000000.0,₹ 3.90 Cr,2300.0,2300 sqft,16956.521739130436,,DLF One Midtown,,
77517341,"3 BHK Apartment for Sale in Aero View Heights, Sector 22 Dwarka New Delhi",3,29000000.0,₹ 2.90 Cr,1500.0,1500 sqft,19333.333333333332,,Aero View Heights,,
80937423,"3 BHK Apartment for Sale in Mahavir Enclave, Dwarka New Delhi",3,7500000.0,₹ 75 Lac,990.0,110 sqyrd,7575.757575757576,,Mahavir Enclave,,
78080047,"2 BHK Apartment for Sale in Oberoi Apartments, Ludlow Castle, Civil Lines New Delhi",2,50000000.0,₹ 5 Cr,1120.0,1120 sqft,44642.857142857145,,Oberoi Apartments,,
81378333,3 BHK House for Sale in Ramprastha Greens New Delhi,3,100000000.0,₹ 10 Cr,2228.0,2228 sqft,44883.30341113106,,,,
81124313,"3 BHK Builder Floor for Sale in Patel Garden, Dwarka New Delhi",3,6000000.0,₹ 60 Lac,900.0,900 sqft,6666.666666666667,,,,
37501291,9 BHK House for Sale in Rajinder Nagar New Delhi,9,520000000.0,₹ 52 Cr,8400.0,8400 sqft,61904.76190476191,,,,
78418269,"2 BHK Apartment for Sale in Maurya Enclave, Pitam Pura New Delhi",2,10000000.0,₹ 1 Cr,540.0,540 sqft,18518.51851851852,,Maurya Enclave,,
81414879,"2 BHK Apartment for Sale in Naveen Niketan S.D.A, Safdarjung Development Area, Hauz Khas New Delhi",2,25000000.0,₹ 2.50 Cr,750.0,750 sqft,33333.333333333336,,Naveen Niketan S.D.A,,
81412697,4 BHK Builder Floor for Sale in Jasola New Delhi,4,57500000.0,₹ 5.75 Cr,2000.0,2000 sqft,28750.0,,,,
81225039,4 BHK House for Sale in Qutub Vihar 1 New Delhi,4,19200000.0,₹ 1.92 Cr,1528.0,1528 sqft,12565.445026178011,,,,
80079199,2 BHK Builder Floor for Sale in Sector 16B Dwarka New Delhi,2,3000000.0,₹ 30 Lac,660.0,660 sqft,4545.454545454545,,,,
79725163,"4 BHK Apartment for Sale in Gorakh Park East, Babarpur New Delhi",4,7750000.0,₹ 77.5 Lac,900.0,100 sqyrd,8611.111111111111,,,,
79196217,"3 BHK Apartment for Sale in SFS Flats Shanti Kunj, Paschim Vihar New Delhi",3,17000000.0,₹ 1.70 Cr,900.0,900 sqft,18888.88888888889,,SFS Flats Shanti Kunj,,
81252709,"3 BHK Apartment for Sale in DDA Pundrik Vihar, Pitam Pura New Delhi",3,12000000.0,₹ 1.20 Cr,1400.0,1400 sqft,8571.42857142857,,DDA Pundrik Vihar,,
77330451,"2 BHK Apartment for Sale in RG The Relish Garden , Brijwasi Colony, Mehrauli New Delhi",2,4500000.0,₹ 45 Lac,700.0,700 sqft,6428.571428571428,,RG The Relish Garden,,
46904447,2 BHK Apartment for Sale in Kalu Sarai New Delhi,2,25000000.0,₹ 2.50 Cr,1100.0,1100 sqft,22727.272727272728,,,,
81195507,2 BHK Apartment for Sale in Neb Sarai Sainik Farm New Delhi,2,5500000.0,₹ 55 Lac,535.0,535 sqft,10280.373831775702,,,,
81445667,5 BHK Builder Floor for Sale in KALKAJI B BLOCK New Delhi,5,32000000.0,₹ 3.20 Cr,3750.0,3750 sqft,8533.333333333334,,,,
79498539,"3 BHK Apartment for Sale in Risland Sky Mansion, Chattarpur New Delhi",3,59900000.0,₹ 5.99 Cr,2600.0,2600 sqft,23038.46153846154,,Risland Sky Mansion,,
80803329,"1 BHK Builder Floor for Sale in DDA Sai Nath Apartment, Sector 28 Rohini New Delhi",1,3700000.0,₹ 37 Lac,456.0,456 sqft,8114.035087719299,,DDA Sai Nath Apartment,,
80789037,"2 BHK Apartment for Sale in Vyas Kunj Apartments, Sector 11 Dwarka New Delhi",2,18500000.0,₹ 1.85 Cr,1050.0,1050 sqft,17619.04761904762,,Vyas Kunj Apartments,,
81366373,"4 BHK Apartment for Sale in Rohini Sector 3, New Delhi New Delhi",4,30000000.0,₹ 3 Cr,2300.0,2300 sqft,13043.478260869566,,,,
79108175,1 BHK Apartment for Sale in Uttam Nagar New Delhi,1,1300000.0,₹ 13 Lac,445.0,445 sqft,2921.3483146067415,,,,
79900569,3 BHK Apartment for Sale in New Rajinder Nagar New Delhi,3,32500000.0,₹ 3.25 Cr,1200.0,1200 sqft,27083.333333333332,,,,
78091031,2 BHK Apartment for Sale in Inder Enclave Paschim Vihar New Delhi,2,9800000.0,₹ 98 Lac,73.0,73 sqm,134246.57534246575,,,,
77303601,"4 BHK Builder Floor for Sale in Sunder Vihar, Paschim Vihar New Delhi",4,43500000.0,₹ 4.35 Cr,2282.0,2282 sqft,19062.22611744084,,,,
77678309,3 BHK Builder Floor for Sale in Greater Kailash 1 New Delhi,3,90000000.0,₹ 9 Cr,2250.0,2250 sqft,40000.0,,,,
81052539,2 BHK Apartment for Sale in Okhla New Delhi,2,3400000.0,₹ 34 Lac,500.0,500 sqft,6800.0,,,,
81130209,3 BHK House for Sale in Suraksha Vihar New Delhi,3,7500000.0,₹ 75 Lac,490.0,490 sqft,15306.122448979591,,,,
79496327,2 BHK Apartment for Sale in Budh Vihar New Delhi,2,4500000.0,₹ 45 Lac,550.0,550 sqft,8181.818181818182,,,,
80042265,3 BHK Apartment for Sale in Chander Nagar Krishna Nagar New Delhi,3,8500000.0,₹ 85 Lac,1080.0,1080 sqft,7870.37037037037,,,,
79682461,"2 BHK Apartment for Sale in Godrej South Estate, Okhla New Delhi",2,64000000.0,₹ 6.40 Cr,1100.0,1100 sqft,58181.818181818184,,Godrej South Estate,,
81096577,"2 BHK Apartment for Sale in Godrej South Estate, Okhla New Delhi",2,38000000.0,₹ 3.80 Cr,748.0,748 sqft,50802.13903743315,,Godrej South Estate,,
81294751,"3 BHK Apartment for Sale in DLF Capital Greens 1 and 2, Moti Nagar, Kirti Nagar New Delhi",3,31000000.0,₹ 3.10 Cr,1650.0,1650 sqft,18787.878787878788,,DLF Capital Greens 1 and 2,,
81382773,"3 BHK Apartment for Sale in TARC Tripundra, Bijwasan New Delhi",3,57600000.0,₹ 5.76 Cr,1550.0,1550 sqft,37161.290322580644,,TARC Tripundra,,
81314013,2 BHK Apartment for Sale in Uttam Nagar West New Delhi,2,3500000.0,₹ 35 Lac,570.0,570 sqft,6140.350877192983,,,,
77817715,"1 BHK Apartment for Sale in Lok Nayak Puram, Bakkarwala New Delhi",1,3000000.0,₹ 30 Lac,40.0,40 sqm,75000.0,,,,
81063221,3 BHK Builder Floor for Sale in Raja Garden New Delhi,3,33000000.0,₹ 3.30 Cr,1500.0,1500 sqft,22000.0,,,,
81336629,2 BHK Apartment for Sale in Sector 24 Rohini New Delhi,2,7500000.0,₹ 75 Lac,750.0,750 sqft,10000.0,,,,
81071271,2 BHK Builder Floor for Sale in Mahavir Enclave Part 1 New Delhi,2,3250000.0,₹ 32.5 Lac,585.0,65 sqyrd,5555.555555555556,,,,
79700813,"2 BHK Apartment for Sale in Godrej South Estate, Okhla New Delhi",2,37000000.0,₹ 3.70 Cr,70.0,70 sqm,528571.4285714285,,Godrej South Estate,,
80982951,"3 BHK Apartment for Sale in Sawasdee Heights, Lawrence Road New Delhi",3,45000000.0,₹ 4.50 Cr,2271.0,2271 sqft,19815.059445178336,,Sawasdee Heights,,
80770851,"4 BHK Apartment for Sale in New Friends Colony Floors, New Friends Colony New Delhi",4,120000000.0,₹ 12 Cr,4500.0,500 sqyrd,26666.666666666668,,New Friends Colony Floors,,
70448611,"3 BHK Builder Floor for Sale in Derawal Nagar, Model Town New Delhi",3,19000000.0,₹ 1.90 Cr,1161.0,129 sqyrd,16365.202411714039,,,,
79909023,"3 BHK Apartment for Sale in Arjun Apartment, Sector 7 Dwarka New Delhi",3,27000000.0,₹ 2.70 Cr,1800.0,1800 sqft,15000.0,,Arjun Apartment,,
80939317,3 BHK Builder Floor for Sale in Block BF Janakpuri New Delhi,3,16800000.0,₹ 1.68 Cr,855.0,95 sqyrd,19649.122807017542,,,,
81095941,2 BHK Apartment for Sale in Phase 3 Model Town New Delhi,2,12500000.0,₹ 1.25 Cr,1100.0,1100 sqft,11363.636363636364,,,,
81030263,"2 BHK Apartment for Sale in DDA Rohini Heights, Sector 7 Rohini New Delhi",2,6500000.0,₹ 65 Lac,650.0,650 sqft,10000.0,,DDA Rohini Heights,,
81021181,"3 BHK Apartment for Sale in Shubham Apartments, Sector 22 Dwarka New Delhi",3,24000000.0,₹ 2.40 Cr,1400.0,1400 sqft,17142.85714285714,,Shubham Apartments,,
80710521,5 BHK House for Sale in Nangloi New Delhi,5,7200000.0,₹ 72 Lac,1215.0,135 sqyrd,5925.925925925926,,,,
79864685,2 BHK Apartment for Sale in Uttam Nagar New Delhi,2,3500000.0,₹ 35 Lac,522.0,58 sqyrd,6704.9808429118775,,,,
81157675,2 BHK Builder Floor for Sale in Ramesh Nagar New Delhi,2,15000000.0,₹ 1.50 Cr,950.0,950 sqft,15789.473684210527,,,,
81117699,2 BHK Builder Floor for Sale in Ram Nagar Shahdara New Delhi,2,2400000.0,₹ 24 Lac,495.0,495 sqft,4848.484848484848,,,,
75393899,4 BHK Builder Floor for Sale in Punjabi Bagh New Delhi,4,65000000.0,₹ 6.50 Cr,3330.0,370 sqyrd,19519.51951951952,,,,
80497185,"1 BHK Apartment for Sale in Sanskriti Apartments, Sector 28 Rohini New Delhi",1,4000000.0,₹ 40 Lac,475.0,475 sqft,8421.052631578947,,Sanskriti Apartments,,
79582263,3 BHK Builder Floor for Sale in Mahavir Enclave Part 1 New Delhi,3,7000000.0,₹ 70 Lac,945.0,105 sqyrd,7407.407407407408,,,,
80040181,"3 BHK Builder Floor for Sale in Bahubali Enclave, Anand Vihar New Delhi",3,42500000.0,₹ 4.25 Cr,1530.0,170 sqyrd,27777.777777777777,,,,
80815243,3 BHK Builder Floor for Sale in Gulmohar Enclave Gulmohar Park New Delhi,3,120000000.0,₹ 12 Cr,1300.0,1300 sqft,92307.69230769231,,,,
31814241,"3 BHK Apartment for Sale in Aakash Ganga Apartments, Sector 6 Dwarka New Delhi",3,25600000.0,₹ 2.56 Cr,1500.0,1500 sqft,17066.666666666668,,Aakash Ganga Apartments,,
75885099,"3 BHK Apartment for Sale in Sapna Ghar Apartments, Sector 11 Dwarka New Delhi",3,24500000.0,₹ 2.45 Cr,1700.0,1700 sqft,14411.764705882353,,Sapna Ghar Apartments,,
81413939,3 BHK Builder Floor for Sale in Lajpat Nagar 3 New Delhi,3,72500000.0,₹ 7.25 Cr,1791.0,199 sqyrd,40480.17867113344,,,,
74435997,"4 BHK Builder Floor for Sale in Yojna Vihar, Anand Vihar New Delhi",4,31500000.0,₹ 3.15 Cr,2500.0,2500 sqft,12600.0,,,,
79363039,"2 BHK Apartment for Sale in Godrej South Estate, Okhla Vihar, Okhla New Delhi",2,53000000.0,₹ 5.30 Cr,1300.0,1300 sqft,40769.230769230766,,Godrej South Estate,,
81215399,4 BHK Builder Floor for Sale in Greater Kailash Part 2 New Delhi,4,57500000.0,₹ 5.75 Cr,2700.0,300 sqyrd,21296.296296296296,,,,
71783093,3 BHK Builder Floor for Sale in East Of Kailash New Delhi,3,35000000.0,₹ 3.50 Cr,1600.0,1600 sqft,21875.0,,,,
81261395,"2 BHK Apartment for Sale in Himgiri Enclave, Burari New Delhi",2,2800000.0,₹ 28 Lac,445.0,445 sqft,6292.134831460674,,Himgiri Enclave,,
80199417,3 BHK Apartment for Sale in Malviya Nagar New Delhi,3,20000000.0,₹ 2 Cr,1200.0,1200 sqft,16666.666666666668,,,,
76862805,"2 BHK Builder Floor for Sale in Project Vasant Enclave, Vasant Enclave, Vasant Vihar New Delhi",2,30000000.0,₹ 3 Cr,1200.0,1200 sqft,25000.0,,Project Vasant Enclave,,
81027195,3 BHK Builder Floor for Sale in Pitam Pura New Delhi,3,17500000.0,₹ 1.75 Cr,950.0,950 sqft,18421.052631578947,,,,
81216661,"2 BHK Apartment for Sale in SFS Flats Shanti Kunj, Paschim Vihar New Delhi",2,18000000.0,₹ 1.80 Cr,1050.0,1050 sqft,17142.85714285714,,SFS Flats Shanti Kunj,,
81310137,4 BHK Apartment for Sale in Chattarpur New Delhi,4,20000000.0,₹ 2 Cr,2700.0,300 sqyrd,7407.407407407408,,,,
76376223,5 BHK Builder Floor for Sale in Rajouri Garden New Delhi,5,100000000.0,₹ 10 Cr,4950.0,550 sqyrd,20202.0202020202,,,,
15523123,4 BHK House for Sale in Yamuna Vihar New Delhi,4,12000000.0,₹ 1.20 Cr,315.0,35 sqyrd,38095.23809523809,,,,
81191213,> 10 BHK Villa for Sale in Block C Moti Nagar New Delhi,10,92500000.0,₹ 9.25 Cr,1800.0,1800 sqft,51388.88888888889,,,,
81269993,3 BHK Apartment for Sale in Khirki Extension New Delhi,3,6000000.0,₹ 60 Lac,1215.0,135 sqyrd,4938.271604938272,,,,
80453977,"4 BHK Builder Floor for Sale in Rana Pratap Bagh, Ashok Vihar North New Delhi",4,35000000.0,₹ 3.50 Cr,2600.0,2600 sqft,13461.538461538461,,,,
80937743,2 BHK Apartment for Sale in Vikaspuri New Delhi,2,9350000.0,₹ 93.5 Lac,935.0,935 sqft,10000.0,,,,
80445287,3 BHK Apartment for Sale in Block C Dilshad Garden New Delhi,3,11500000.0,₹ 1.15 Cr,1100.0,1100 sqft,10454.545454545454,,,,
79693293,"4 BHK Builder Floor for Sale in Sunder Vihar, Paschim Vihar New Delhi",4,52500000.0,₹ 5.25 Cr,2250.0,250 sqyrd,23333.333333333332,,,,
81033325,"3 BHK Apartment for Sale in Highway Apartment, Ghazipur New Delhi",3,9900000.0,₹ 99 Lac,1100.0,1100 sqft,9000.0,,Highway Apartment,,
81005503,"3 BHK Apartment for Sale in Prime Minister Secretariat, Vikaspuri New Delhi",3,17500000.0,₹ 1.75 Cr,1010.0,1010 sqft,17326.73267326733,,Prime Minister Secretariat,,
81019957,3 BHK Builder Floor for Sale in New Rajinder Nagar New Delhi,3,25000000.0,₹ 2.50 Cr,1152.0,128 sqyrd,21701.38888888889,,,,
80981807,2 BHK Apartment for Sale in Uttam Nagar New Delhi,2,4400000.0,₹ 44 Lac,850.0,850 sqft,5176.470588235294,,,,
81090563,"3 BHK Apartment for Sale in Dream Apartments, Sector 22 Dwarka New Delhi",3,28700000.0,₹ 2.87 Cr,1450.0,1450 sqft,19793.103448275862,,Dream Apartments,,
80866983,4 BHK Apartment for Sale in Dwarka New Delhi,4,37500000.0,₹ 3.75 Cr,2000.0,2000 sqft,18750.0,,,,
80228295,7 BHK House for Sale in Shastri Nagar New Delhi,7,18000000.0,₹ 1.80 Cr,2600.0,2600 sqft,6923.076923076923,,,,
79108741,3 BHK Builder Floor for Sale in Sector 22 Rohini New Delhi,3,9400000.0,₹ 94 Lac,1000.0,1000 sqft,9400.0,,,,
50954236,3 BHK Builder Floor for Sale in Kamla Nagar New Delhi,3,5000000.0,₹ 50 Lac,900.0,900 sqft,5555.555555555556,,,,
80863211,2 BHK Builder Floor for Sale in Vishwas Park New Delhi,2,2000000.0,₹ 20 Lac,440.0,440 sqft,4545.454545454545,,,,
81176991,3 BHK Apartment for Sale in Sector 24 Rohini New Delhi,3,14000000.0,₹ 1.40 Cr,720.0,80 sqyrd,19444.444444444445,,,,
81235849,4 BHK Builder Floor for Sale in Vasant Kunj Enclave New Delhi,4,15500000.0,₹ 1.55 Cr,1350.0,150 sqyrd,11481.481481481482,,,,
81206441,"4 BHK Apartment for Sale in Badhwar Apartments, Sector 6 Dwarka New Delhi",4,32500000.0,₹ 3.25 Cr,1900.0,1900 sqft,17105.263157894737,,Badhwar Apartments,,
80346359,3 BHK Builder Floor for Sale in Phase 2 Chattarpur Enclave New Delhi,3,7500000.0,₹ 75 Lac,990.0,110 sqyrd,7575.757575757576,,,,
81204707,3 BHK Apartment for Sale in West Sagarpur New Delhi,3,5200000.0,₹ 52 Lac,800.0,800 sqft,6500.0,,,,
79917385,"2 BHK Builder Floor for Sale in Nawada Extension, Nawada New Delhi",2,5500000.0,₹ 55 Lac,850.0,850 sqft,6470.588235294118,,,,
81066173,"4 BHK Apartment for Sale in DDA Gaurav Apartment, Saket New Delhi",4,36000000.0,₹ 3.60 Cr,1900.0,1900 sqft,18947.36842105263,,DDA Gaurav Apartment,,
77326663,3 BHK Builder Floor for Sale in Civil Lines New Delhi,3,60000000.0,₹ 6 Cr,1800.0,1800 sqft,33333.333333333336,,,,
78782741,4 BHK Builder Floor for Sale in Uttam Nagar Nawada New Delhi,4,9500000.0,₹ 95 Lac,1035.0,115 sqyrd,9178.743961352657,,,,
79448059,3 BHK Apartment for Sale in Rajouri Garden New Delhi,3,15000000.0,₹ 1.50 Cr,104.0,104 sqm,144230.76923076922,,,,
76695713,"3 BHK Builder Floor for Sale in Divyan Mahavir Enclave Luxury Apartments, Mahavir Enclave Part 1 New Delhi",3,8500000.0,₹ 85 Lac,855.0,95 sqyrd,9941.520467836257,,Divyan Mahavir Enclave Luxury Apartments,,
79258587,4 BHK Apartment for Sale in Shalimar bagh New Delhi,4,40000000.0,₹ 4 Cr,2100.0,2100 sqft,19047.619047619046,,,,
81108431,2 BHK Builder Floor for Sale in Vishwas Park New Delhi,2,2300000.0,₹ 23 Lac,405.0,45 sqyrd,5679.0123456790125,,,,
80114093,1 BHK Builder Floor for Sale in Palam New Delhi,1,2450000.0,₹ 24.5 Lac,438.0,438 sqft,5593.607305936073,,,,
80795433,4 BHK House for Sale in Uttam Nagar West New Delhi,4,13500000.0,₹ 1.35 Cr,900.0,900 sqft,15000.0,,,,
81370343,3 BHK Builder Floor for Sale in Radhepuri Krishna Nagar New Delhi,3,4000000.0,₹ 40 Lac,900.0,900 sqft,4444.444444444444,,,,
77731679,4 BHK Apartment for Sale in Phase 3 Ashok Vihar New Delhi,4,21900000.0,₹ 2.19 Cr,2250.0,2250 sqft,9733.333333333334,,,,
80105037,"1 BHK Apartment for Sale in Aggarwal Uttam Nagar Floors, Uttam Nagar New Delhi",1,3000000.0,₹ 30 Lac,450.0,450 sqft,6666.666666666667,,Aggarwal Uttam Nagar Floors,,
81403609,2 BHK Builder Floor for Sale in Mahavir Enclave New Delhi,2,4200000.0,₹ 42 Lac,630.0,70 sqyrd,6666.666666666667,,,,
72027265,2 BHK Builder Floor for Sale in Sector 15 Rohini New Delhi,2,7500000.0,₹ 75 Lac,646.0,646 sqft,11609.907120743033,,,,
79049673,"3 BHK Builder Floor for Sale in Kiran Garden, Uttam Nagar New Delhi",3,6600000.0,₹ 66 Lac,810.0,90 sqyrd,8148.148148148148,,,,
80981477,1 BHK Apartment for Sale in Block C 6A Janakpuri New Delhi,1,8250000.0,₹ 82.5 Lac,452.0,452 sqft,18252.21238938053,,,,
81428317,4 BHK Builder Floor for Sale in Vasant Vihar New Delhi,4,123000000.0,₹ 12.30 Cr,3600.0,400 sqyrd,34166.666666666664,,,,
81454213,"3 BHK Apartment for Sale in Param Puri, Uttam Nagar New Delhi",3,7000000.0,₹ 70 Lac,900.0,900 sqft,7777.777777777777,,,,
70109675,2 BHK Apartment for Sale in Sector 9 Rohini New Delhi,2,16000000.0,₹ 1.60 Cr,1100.0,1100 sqft,14545.454545454546,,,,
51551443,"4 BHK Builder Floor for Sale in Kailash hills, East Of Kailash New Delhi",4,35000000.0,₹ 3.50 Cr,1450.0,1450 sqft,24137.931034482757,,,,
80572119,4 BHK Builder Floor for Sale in Sector 11 Rohini New Delhi,4,19900000.0,₹ 1.99 Cr,1150.0,1150 sqft,17304.347826086956,,,,
80978481,5 BHK House for Sale in Inder Puri New Delhi,5,130000000.0,₹ 13 Cr,1800.0,200 sqyrd,72222.22222222222,,,,
72440959,"3 BHK Apartment for Sale in DDA Ganga Apartment Sector D Pocket 6, Vasant Kunj New Delhi",3,41000000.0,₹ 4.10 Cr,1700.0,1700 sqft,24117.647058823528,,DDA Ganga Apartment Sector D Pocket 6,,
80940083,"1 BHK Apartment for Sale in LIG DDA Flat, Rohini New Delhi",1,5700000.0,₹ 57 Lac,500.0,500 sqft,11400.0,,LIG DDA Flat,,
80941789,"4 BHK Apartment for Sale in Private Builders Independent Floor, Nirankari Colony, Mukherjee Nagar New Delhi",4,12000000.0,₹ 1.20 Cr,900.0,900 sqft,13333.333333333334,,Private Builders Independent Floor,,
80520399,3 BHK Builder Floor for Sale in Vinod Nagar East New Delhi,3,13000000.0,₹ 1.30 Cr,1000.0,1000 sqft,13000.0,,,,
80581315,4 BHK Builder Floor for Sale in Block A1 Janakpuri New Delhi,4,52500000.0,₹ 5.25 Cr,1950.0,1950 sqft,26923.076923076922,,,,
80707773,1 BHK Builder Floor for Sale in Green Park Extension New Delhi,1,27000000.0,₹ 2.70 Cr,810.0,90 sqyrd,33333.333333333336,,,,
80567111,4 BHK Builder Floor for Sale in Vasant Vihar New Delhi,4,110000000.0,₹ 11 Cr,1625.0,1625 sqft,67692.30769230769,,,,
80868809,3 BHK Builder Floor for Sale in Vikram Vihar Lajpat Nagar 4 New Delhi,3,35000000.0,₹ 3.50 Cr,1080.0,120 sqyrd,32407.40740740741,,,,
80110901,4 BHK Builder Floor for Sale in Vikaspuri New Delhi,4,65000000.0,₹ 6.50 Cr,167.0,167 sqm,389221.55688622757,,,,
79783599,6 BHK House for Sale in Phase 3 Model Town New Delhi,6,95000000.0,₹ 9.50 Cr,4900.0,4900 sqft,19387.755102040817,,,,
79683049,4 BHK Apartment for Sale in Chattarpur New Delhi,4,17000000.0,₹ 1.70 Cr,1835.0,1835 sqft,9264.305177111717,,,,
74814339,4 BHK Builder Floor for Sale in Anand Vihar New Delhi,4,25000000.0,₹ 2.50 Cr,1500.0,1500 sqft,16666.666666666668,,,,
77657429,3 BHK Apartment for Sale in East Patel Nagar New Delhi,3,32500000.0,₹ 3.25 Cr,1800.0,1800 sqft,18055.555555555555,,,,
78731403,"4 BHK Apartment for Sale in DLF One Midtown, Moti Nagar, Kirti Nagar New Delhi",4,97500000.0,₹ 9.75 Cr,3000.0,3000 sqft,32500.0,,DLF One Midtown,,
80276287,"3 BHK Apartment for Sale in SFS Flats Shanti Kunj, Shanti Kunj Main New Delhi",3,16500000.0,₹ 1.65 Cr,1300.0,1300 sqft,12692.307692307691,,SFS Flats Shanti Kunj,,
77199661,3 BHK Builder Floor for Sale in Sector 23 Rohini New Delhi,3,25000000.0,₹ 2.50 Cr,1935.0,215 sqyrd,12919.896640826873,,,,
80717613,3 BHK Builder Floor for Sale in Mohan Garden Uttam Nagar New Delhi,3,6150000.0,₹ 61.5 Lac,950.0,950 sqft,6473.684210526316,,,,
56152765,4 BHK Builder Floor for Sale in Shree Nagar New Delhi,4,11000000.0,₹ 1.10 Cr,1300.0,1300 sqft,8461.538461538461,,,,
80581255,4 BHK House for Sale in Najafgarh New Delhi,4,12500000.0,₹ 1.25 Cr,1800.0,1800 sqft,6944.444444444444,,,,
79706951,4 BHK Builder Floor for Sale in Panchsheel Enclave New Delhi,4,70000000.0,₹ 7 Cr,2200.0,2200 sqft,31818.18181818182,,,,
78771741,"2 BHK Builder Floor for Sale in Uttam Nagar East, Uttam Nagar New Delhi",2,4200000.0,₹ 42 Lac,558.0,62 sqyrd,7526.881720430108,,,,
69686015,"3 BHK Apartment for Sale in DDA Flats, Jasola Vihar New Delhi",3,30000000.0,₹ 3 Cr,1750.0,1750 sqft,17142.85714285714,,DDA Flats,,
81060065,4 BHK Builder Floor for Sale in Geetanjali Enclave Malviya Nagar New Delhi,4,100000000.0,₹ 10 Cr,4400.0,4400 sqft,22727.272727272728,,,,
80783707,"2 BHK House for Sale in Gandhi Colony, Mehrauli New Delhi",2,7000000.0,₹ 70 Lac,560.0,560 sqft,12500.0,,,,
79351619,2 BHK Apartment for Sale in KCG complex Mehrauli New Delhi,2,5800000.0,₹ 58 Lac,700.0,700 sqft,8285.714285714286,,,,
77627049,"3 BHK Apartment for Sale in TARC Tripundra, Bijwasan New Delhi",3,52500000.0,₹ 5.25 Cr,2187.0,2187 sqft,24005.48696844993,,TARC Tripundra,,
80422645,"3 BHK Builder Floor for Sale in Rana Pratap Bagh, Ashok Vihar North New Delhi",3,17000000.0,₹ 1.70 Cr,1350.0,1350 sqft,12592.592592592593,,,,
81093479,"3 BHK Apartment for Sale in DDA Flats Vasant Kunj, Vasant Kunj New Delhi",3,45000000.0,₹ 4.50 Cr,1800.0,1800 sqft,25000.0,,DDA Flats Vasant Kunj,,
79047945,"2 BHK Apartment for Sale in Anandvan, Paschim Vihar New Delhi",2,12500000.0,₹ 1.25 Cr,700.0,700 sqft,17857.14285714286,,Anandvan,,
80600529,1 BHK Apartment for Sale in Pitam Pura New Delhi,1,4900000.0,₹ 49 Lac,425.0,425 sqft,11529.411764705883,,,,
78872159,"4 BHK Apartment for Sale in Guru Apartment, Sector 6 Dwarka New Delhi",4,38000000.0,₹ 3.80 Cr,2000.0,2000 sqft,19000.0,,Guru Apartment,,
76772873,3 BHK Builder Floor for Sale in Main Chhatarpur Road New Delhi,3,8500000.0,₹ 85 Lac,1050.0,1050 sqft,8095.238095238095,,,,
79111559,"3 BHK Apartment for Sale in DLF Capital Greens 1 and 2, Moti Nagar, Kirti Nagar New Delhi",3,29000000.0,₹ 2.90 Cr,1231.0,1231 sqft,23558.08285946385,,DLF Capital Greens 1 and 2,,
76890719,2 BHK Builder Floor for Sale in Uttam Nagar New Delhi,2,2300000.0,₹ 23 Lac,450.0,50 sqyrd,5111.111111111111,,,,
33723655,2 BHK Apartment for Sale in Sector A9 Narela New Delhi,2,7000000.0,₹ 70 Lac,75.0,75 sqm,93333.33333333333,,,,
80080257,2 BHK Apartment for Sale in Baba Farid Puri New Delhi,2,4000000.0,₹ 40 Lac,400.0,400 sqft,10000.0,,,,
76312999,"4 BHK Builder Floor for Sale in RWA GK 2, Greater Kailash 2 New Delhi",4,80000000.0,₹ 8 Cr,2000.0,2000 sqft,40000.0,,RWA GK 2,,
81233719,3 BHK Builder Floor for Sale in Greater Kailash 2 New Delhi,3,50000000.0,₹ 5 Cr,2100.0,2100 sqft,23809.52380952381,,,,
75746169,2 BHK Builder Floor for Sale in Arjun Nagar Safdarjung Enclave New Delhi,2,11000000.0,₹ 1.10 Cr,800.0,800 sqft,13750.0,,,,
79651603,"3 BHK Apartment for Sale in Doctors Apartment, Vasundhara Enclave New Delhi",3,16500000.0,₹ 1.65 Cr,1300.0,1300 sqft,12692.307692307691,,Doctors Apartment,,
81051927,4 BHK Builder Floor for Sale in Block C Anand Niketan New Delhi,4,170000000.0,₹ 17 Cr,3000.0,3000 sqft,56666.666666666664,,,,
78003097,4 BHK Builder Floor for Sale in Saket New Delhi,4,15000000.0,₹ 1.50 Cr,1800.0,1800 sqft,8333.333333333334,,,,
81331011,4 BHK Builder Floor for Sale in Phase 1 Vivek Vihar New Delhi,4,57500000.0,₹ 5.75 Cr,2600.0,2600 sqft,22115.384615384617,,,,
59059567,"4 BHK Apartment for Sale in Sargodha Apartments, Sector 7 Dwarka New Delhi",4,32500000.0,₹ 3.25 Cr,1800.0,1800 sqft,18055.555555555555,,Sargodha Apartments,,
78869333,"3 BHK Apartment for Sale in IFS Apartments, Mayur Vihar 1 New Delhi",3,28000000.0,₹ 2.80 Cr,1500.0,1500 sqft,18666.666666666668,,IFS Apartments,,
78795061,2 BHK House for Sale in Munirka New Delhi,2,18000000.0,₹ 1.80 Cr,1200.0,1200 sqft,15000.0,,,,
81370503,"4 BHK Apartment for Sale in Spring Valley, Sector 11 Dwarka New Delhi",4,38500000.0,₹ 3.85 Cr,2100.0,2100 sqft,18333.333333333332,,Spring Valley,,
80357161,3 BHK Builder Floor for Sale in Sector 15F Rohini New Delhi,3,13500000.0,₹ 1.35 Cr,86.0,86 sqm,156976.7441860465,,,,
80380207,4 BHK Builder Floor for Sale in Anand Vihar New Delhi,4,42500000.0,₹ 4.25 Cr,2500.0,2500 sqft,17000.0,,,,
54937985,4 BHK Builder Floor for Sale in Madhuban Enclave Preet Vihar New Delhi,4,35000000.0,₹ 3.50 Cr,2500.0,2500 sqft,14000.0,,,,
80858765,2 BHK Builder Floor for Sale in Malviya Nagar New Delhi,2,18000000.0,₹ 1.80 Cr,1100.0,1100 sqft,16363.636363636364,,,,
81263569,"4 BHK Apartment for Sale in Patel Apartment, Sector 4 Dwarka New Delhi",4,39000000.0,₹ 3.90 Cr,2000.0,2000 sqft,19500.0,,Patel Apartment,,
81441719,"3 BHK Apartment for Sale in DDA Flats Pocket 1, Vasant Kunj New Delhi",3,36000000.0,₹ 3.60 Cr,1500.0,1500 sqft,24000.0,,DDA Flats Pocket 1,,
80279905,"4 BHK Builder Floor for Sale in Shanti Niketan, Moti Bagh New Delhi",4,143000000.0,₹ 14.30 Cr,3200.0,3200 sqft,44687.5,,Shanti Niketan,,
81368309,3 BHK Apartment for Sale in Alaknanda New Delhi,3,29500000.0,₹ 2.95 Cr,1600.0,1600 sqft,18437.5,,,,
81392753,2 BHK Apartment for Sale in Shahdara New Delhi,2,11200000.000000002,₹ 1.12 Cr,1440.0,1440 sqft,7777.777777777779,,,,
78686169,4 BHK Builder Floor for Sale in Block J Rajouri Garden New Delhi,4,75000000.0,₹ 7.50 Cr,2600.0,2600 sqft,28846.153846153848,,,,
80453471,"2 BHK Apartment for Sale in Narmada Apartment, Alaknanda New Delhi",2,22000000.0,₹ 2.20 Cr,1250.0,1250 sqft,17600.0,,Narmada Apartment,,
78574659,"3 BHK Builder Floor for Sale in Surajmal Vihar, Anand Vihar New Delhi",3,42500000.0,₹ 4.25 Cr,1600.0,1600 sqft,26562.5,,Surajmal Vihar,,
81434245,4 BHK Builder Floor for Sale in Block D Rajouri Garden New Delhi,4,74000000.0,₹ 7.40 Cr,3078.0,3078 sqft,24041.585445094217,,,,
76691033,2 BHK Builder Floor for Sale in Lajpat Nagar 1 New Delhi,2,24800000.0,₹ 2.48 Cr,900.0,900 sqft,27555.555555555555,,,,
81145505,2 BHK Apartment for Sale in Laxmi Nagar New Delhi,2,4500000.0,₹ 45 Lac,550.0,550 sqft,8181.818181818182,,,,
78661447,"4 BHK Apartment for Sale in Panchsheel Enclave, Panchsheel Park New Delhi",4,115000000.0,₹ 11.50 Cr,3300.0,3300 sqft,34848.48484848485,,Panchsheel Enclave,,
79891121,3 BHK Builder Floor for Sale in Chittaranjan Park New Delhi,3,43000000.0,₹ 4.30 Cr,1650.0,1650 sqft,26060.60606060606,,,,
79520275,"4 BHK Builder Floor for Sale in Chirag Enclave, Greater Kailash New Delhi",4,145000000.0,₹ 14.50 Cr,4300.0,4300 sqft,33720.93023255814,,,,
76098745,"2 BHK Builder Floor for Sale in RWA Kalkaji Block L, Kalkaji New Delhi",2,15500000.0,₹ 1.55 Cr,800.0,800 sqft,19375.0,,RWA Kalkaji Block L,,
79805515,"3 BHK Apartment for Sale in DDA Flats Pocket F, Sarita Vihar, Mathura Road New Delhi",3,22000000.0,₹ 2.20 Cr,1750.0,1750 sqft,12571.42857142857,,DDA Flats Pocket F,,
78919583,"3 BHK Apartment for Sale in DLF Capital Greens 1 and 2, Moti Nagar, Kirti Nagar New Delhi",3,35000000.0,₹ 3.50 Cr,1700.0,1700 sqft,20588.235294117647,,DLF Capital Greens 1 and 2,,
76060041,3 BHK Builder Floor for Sale in Chhatarpur Extension New Delhi,3,6000000.0,₹ 60 Lac,1100.0,1100 sqft,5454.545454545455,,,,
81322049,3 BHK Builder Floor for Sale in Sector 25 Rohini New Delhi,3,7600000.0,₹ 76 Lac,750.0,750 sqft,10133.333333333334,,,,
79132997,3 BHK Builder Floor for Sale in Naraina Vihar New Delhi,3,37500000.0,₹ 3.75 Cr,1500.0,1500 sqft,25000.0,,,,
80095045,2 BHK Builder Floor for Sale in Chandra Park New Delhi,2,6300000.0,₹ 63 Lac,630.0,630 sqft,10000.0,,,,
61358243,2 BHK Builder Floor for Sale in West Vinod Nagar New Delhi,2,4900000.0,₹ 49 Lac,624.0,624 sqft,7852.5641025641025,,,,
81015017,"7 BHK Apartment for Sale in Greater Kailash Builder Floors, Greater Kailash New Delhi",7,120000000.0,₹ 12 Cr,9400.0,9400 sqft,12765.95744680851,,Greater Kailash Builder Floors,,
81425299,3 BHK Builder Floor for Sale in Block B Raja Garden New Delhi,3,18500000.0,₹ 1.85 Cr,1250.0,1250 sqft,14800.0,,,,
